,BlupG7MTH,BlupG8MTO,BlupG3MSP,BlupG4MSB,BlupG5MSP,BlupG6MSH,BlupG7MSH,BlupG8MSO,BlupG2P,BlupG3B,BlupG4P,BlupG2H3B,BlupG2H4P
4_1248628,0.3253221,0.3718562,0.3828971,0.507421,0.3510417,-0.01907279,0.1010309,0.03633517,-0.03693583,0.04311951,-0.140817,0.0401441,-0.1413788
1_5609258,0.5510634,0.3602516,-0.9090518,0.1982964,0.5122071,0.4514628,0.6983395,0.5389539,-1.568494,0.5296124,0.7557943,0.6986776,0.8288357
1_24516880,0.8901639,0.7541391,0.6422093,1.904283,0.4796813,-0.2597303,-0.6867598,-0.1244784,0.1292837,-0.4039946,-1.016703,-0.6445422,-0.9761017
2_10795336,0.07997179,0.1290841,0.214704,0.2821753,0.1749045,-0.02940159,0.1866322,0.02306998,0.1345041,0.7669358,0.2953307,-0.5735504,-0.4882936
3_18442070,-0.1414308,-0.04178521,0.2392386,-0.1186915,-0.5587296,-0.5706655,-0.4510492,-0.1913814,0.2391107,-0.2031846,-0.6821081,-0.2688362,-0.773215
4_8000492,-0.1569029,-0.1390724,0.06171005,-0.1907518,-0.2450168,-0.123647,-0.009176171,0.2333279,-0.2984936,-0.4899445,-0.6376205,-0.8703265,-1.152461
5_7698197,0.05591399,-0.0528141,-0.5832375,0.3774016,0.7037125,0.2269256,0.1980508,0.1006456,-0.5596608,0.688804,0.7865995,0.5754729,0.6527833
