,BlupG1MOIM,BlupG4HIM,BlupG4MOIM,BlupGIM
1_7398643,0.08421896,-0.4578746,0.2248735,-0.170966
4_17567085,0.4925953,-0.1766025,-0.161786,-0.2306587
5_23187786,-0.03211715,-0.3627835,-0.4984922,-0.1637647
